/tools/perf/util/**;1337668580;1338787420
/app/code/Magento/**;1421022668;1422202064
/media/libstagefright/codecs/**;1307010992;1307774749
/articles/virtual-machines/windows/**;1495517558;1495944459
/ajax/libs/mathjax/**;1385713739;1387575889
/android/src/com/**;1461779546;1463002188
/tests/tests/media/**;1553512476;1554963716
/.ref-BSD-4_4/usr/src/**;401750836;404019443
/arch/arm/mach-clps711x/**;1325786388;1327106563
/cmd/cluster-capacity/go/**;1515118694;1516391689
/hostsidetests/appsecurity/res/**;1493845818;1494143015
/drivers/usb/musb/**;1441678525;1441871259
/tests/tests/text/**;1473753951;1474368283
/drivers/staging/rt2860/**;1252370048;1254035112
/arch/arm/mm/**;1294714243;1296368790
/lib/gemcache/ruby/**;1365018617;1366003468
/tests/tests/holo/**;1400139702;1401185532
/storage/ndb/src/**;1147596563;1148100418
/Documentation/devicetree/bindings/**;1505266452;1506020049
/services/java/com/**;1287430435;1288395984
/ajax/libs/yui/**;1402957302;1403457227
/ee/changelogs/unreleased/**;1566809092;1568321186
/media/webrtc/trunk/**;1339653215;1340446048
/hostsidetests/devicepolicy/app/**;1548048215;1548807803
/storage/innobase/include/**;1185462958;1186455596
/arch/x86/kernel/**;1252913595;1253741571
/tests/tests/holo/**;1402921508;1403136524
/drivers/net/wireless/**;1356922377;1357644604
/tests/tests/holo/**;1426525263;1427208361
/ajax/libs/mathjax/**;1456558061;1457389537
/sound/pci/hda/**;1402349384;1402774964
/ee/app/controllers/**;1549245890;1550295723
/drivers/gpu/drm/**;1534669690;1535494212
/drivers/video/fbdev/**;1400559492;1400933283
/tests/tests/uirendering/**;1471423956;1472964258
/drivers/tty/serial/**;1424655721;1425635420
/drivers/net/ethernet/**;1466367140;1467275364
/ee/spec/features/**;1559203676;1560405967
/uml/src/org/**;1255194234;1256621353
/tools/vm-tests-tf/src/**;1543448198;1544589813
/v17/leanback/src/**;1494893778;1495782584
/wifi/java/android/**;1314932831;1315449956
/drivers/gpu/drm/**;1518895166;1519757258
/articles/active-directory/media/**;1479709987;1480848135
/bugtracking/src/org/**;1237636719;1239501892
/core/res/res/**;1344831898;1346134987
/ajax/libs/mathjax/**;1405241531;1406205974
/arch/arm/boot/**;1353685587;1355228810
/addons/audittrail/i18n/**;1353256361;1354780887
/drivers/staging/comedi/**;1365154579;1365536984
/drivers/gpu/drm/**;1407442849;1408972151
/core/res/res/**;1293059192;1294098542
/articles/active-directory/media/**;1498001318;1498743803
/nova/tests/functional/**;1417041412;1417484907
/drivers/gpu/drm/**;1389033729;1390521234
/arch/x86/kernel/**;1437695930;1439378078
/ajax/libs/material-design-icons/**;1472659206;1473071717
/ajax/libs/angular-i18n/**;1438420380;1439816362
/include/uapi/linux/**;1372922563;1374503971
/crypto/openssl/crypto/**;1444843101;1446478268
/staging/src/k8s.io/**;1501244485;1502563068
/staging/src/k8s.io/**;1495726410;1496568852
/include/kvm/arm_vgic.h/**;1501031397;1501414035
/tests/tests/view/**;1484772067;1485408247
/tests/tests/renderscript/**;1441569375;1443155309
/ee/app/assets/**;1566921166;1569055766
/sound/soc/codecs/**;1540966687;1541678861
/sys/i386/include/**;905119108;905365621
/drivers/phy/qualcomm/**;1562932762;1563425109
/ee/spec/features/**;1566822712;1567115782
/storage/ndb/src/**;1114947178;1116780717
/gnu/usr.bin/perl/**;997032643;997603467
/ajax/libs/mathjax/**;1457190168;1457855209
/Documentation/devicetree/bindings/**;1367854530;1369183092
/hostsidetests/services/activityandwindowmanager/**;1504647015;1505355440
/sys/miscfs/specfs/**;803644512;804520949
/ee/app/views/**;1561336354;1562098798
/bdb/rpc_server/java/**;1197996303;1198414485
/hostsidetests/appsecurity/test-apps/**;1555704713;1555991597
/apps/CtsVerifier/res/**;1486282694;1486509615
/articles/active-directory/media/**;1476110871;1477750646
/ndb/include/kernel/**;1160769203;1162314003
/arch/arm/boot/**;1394376037;1394644812
/ee/spec/features/**;1564467163;1564944210
/tests/tests/view/**;1526065977;1526568778
/sound/soc/samsung/**;1295519948;1296010238
/storage/ndb/include/**;1157524706;1159062852
/ndb/include/kernel/**;1171397491;1172200325
/tests/tests/graphics/**;1549774608;1551014278
/bdb/rpc_server/java/**;1181998430;1182599270
/arch/frv/mb93090-mb00/**;1366155768;1367638200
/luni/src/main/**;1376856046;1377162341
/ee/lib/ee/**;1562358054;1563063480
/doc/user/project/**;1528539101;1528819192
/changelogs/unreleased/sh-disable-nil-user-id-identity-validation.yml/**;1550746203;1551133950
/src/mesa/state_tracker/**;1239800370;1240349148
/drivers/media/rc/**;1300453902;1301681932
/drivers/dma/txx9dmac.c/**;1481139596;1481855622
/tests/camera/libctscamera2jni/**;1497384601;1497449224
/drivers/staging/rtl8712/**;1331919449;1332611682
